e11,e22,e12,s11,s22,s12,timestep,simulation_id
0.0,0.0,0.0,0.0,0.0,0.0,0.0,0
0.00028205,3.66899e-05,-6.94471e-05,15.1766,2.89261,-1.73844,1.0,8266
0.000564101,7.33797e-05,-0.000138894,30.3533,5.78522,-3.47689,2.0,8266
0.000846151,0.00011007,-0.000208341,45.5299,8.67783,-5.21533,3.0,8266
0.0011282,0.000146759,-0.000277788,60.7066,11.5704,-6.95377,4.0,8266
0.00141025,0.000183449,-0.000347236,75.8832,14.4631,-8.69221,5.0,8266
0.0016923,0.000220139,-0.000416683,91.0599,17.3557,-10.4307,6.0,8266
0.00197435,0.000256829,-0.00048613,106.237,20.2483,-12.1691,7.0,8266
0.00225751,0.000293202,-0.000555318,121.413,23.1409,-13.9075,8.0,8266
0.00258502,0.000316618,-0.000613857,136.59,26.0335,-15.646,9.0,8266
0.0032009,0.000248449,-0.000594184,151.766,28.9261,-17.3844,10.0,8266
0.00469518,-0.000163412,-0.000257305,166.943,31.8187,-19.1229,11.0,8266
0.00781444,-0.00137046,0.000860866,182.12,34.7113,-20.8613,12.0,8266
0.0127399,-0.00357625,0.00298761,197.296,37.6039,-22.5998,13.0,8266
0.0185804,-0.00629096,0.00562893,212.473,40.4965,-24.3382,14.0,8266
0.0238222,-0.00861504,0.00786324,227.65,43.3892,-26.0766,15.0,8266
0.0273669,-0.00997338,0.00911651,242.826,46.2818,-27.8151,16.0,8266
0.0291783,-0.0104928,0.0095477,258.003,49.1744,-29.5535,17.0,8266
0.0299366,-0.0106061,0.00960595,273.18,52.067,-31.292,18.0,8266
0.0303058,-0.0105951,0.00955772,288.356,54.9596,-33.0304,19.0,8266
0.0306019,-0.0105625,0.00949161,303.533,57.8522,-34.7689,20.0,8266
0.030888,-0.010527,0.00942311,318.71,60.7448,-36.5073,21.0,8266
0.0311718,-0.0104908,0.00935408,333.886,63.6374,-38.2457,22.0,8266
0.0314548,-0.0104544,0.00928486,349.063,66.53,-39.9842,23.0,8266
0.0317375,-0.0104179,0.00921555,364.24,69.4226,-41.7226,24.0,8266
0.0320199,-0.0103813,0.0091462,379.416,72.3153,-43.4611,25.0,8266
0.0323023,-0.0103447,0.00907682,394.593,75.2079,-45.1995,26.0,8266
0.0325845,-0.0103081,0.00900743,409.769,78.1005,-46.938,27.0,8266
0.0328668,-0.0102714,0.00893802,424.946,80.9931,-48.6764,28.0,8266
0.033149,-0.0102348,0.00886861,440.123,83.8857,-50.4148,29.0,8266
0.0334311,-0.0101981,0.00879919,455.299,86.7783,-52.1533,30.0,8266
0.0337133,-0.0101615,0.00872976,470.476,89.6709,-53.8917,31.0,8266
0.0339954,-0.0101248,0.00866034,485.653,92.5635,-55.6302,32.0,8266
0.0342775,-0.0100881,0.00859091,500.829,95.4561,-57.3686,33.0,8266
0.0345596,-0.0100514,0.00852147,516.006,98.3487,-59.1071,34.0,8266
0.0348417,-0.0100148,0.00845204,531.183,101.241,-60.8455,35.0,8266
0.0351238,-0.00997809,0.0083826,546.359,104.134,-62.5839,36.0,8266
0.0354059,-0.00994142,0.00831316,561.536,107.027,-64.3224,37.0,8266
0.035688,-0.00990474,0.00824373,576.713,109.919,-66.0608,38.0,8266
0.0359701,-0.00986806,0.00817429,591.889,112.812,-67.7993,39.0,8266
0.0362522,-0.00983138,0.00810485,607.066,115.704,-69.5377,40.0,8266
0.0365343,-0.00979469,0.00803541,622.243,118.597,-71.2762,41.0,8266
0.0368163,-0.00975801,0.00796596,637.419,121.49,-73.0146,42.0,8266
0.0370984,-0.00972133,0.00789652,652.596,124.382,-74.753,43.0,8266
0.0373805,-0.00968464,0.00782708,667.772,127.275,-76.4915,44.0,8266
0.0376625,-0.00964796,0.00775764,682.949,130.167,-78.2299,45.0,8266
0.0379446,-0.00961127,0.0076882,698.126,133.06,-79.9684,46.0,8266
0.0382267,-0.00957459,0.00761875,713.302,135.953,-81.7068,47.0,8266
0.0385087,-0.0095379,0.00754931,728.479,138.845,-83.4453,48.0,8266
0.0387908,-0.00950122,0.00747986,743.656,141.738,-85.1837,49.0,8266
0.0390729,-0.00946453,0.00741042,758.832,144.631,-86.9221,50.0,8266
0.0387908,-0.00950122,0.00747987,743.656,141.738,-85.1837,51.0,8266
0.0385088,-0.00953791,0.00754932,728.479,138.845,-83.4453,52.0,8266
0.0382267,-0.0095746,0.00761876,713.302,135.953,-81.7068,53.0,8266
0.0379447,-0.00961129,0.00768821,698.126,133.06,-79.9684,54.0,8266
0.0376626,-0.00964798,0.00775766,682.949,130.167,-78.2299,55.0,8266
0.0373806,-0.00968467,0.0078271,667.772,127.275,-76.4915,56.0,8266
0.0370985,-0.00972136,0.00789655,652.596,124.382,-74.753,57.0,8266
0.0368165,-0.00975805,0.007966,637.419,121.49,-73.0146,58.0,8266
0.0365344,-0.00979474,0.00803544,622.243,118.597,-71.2762,59.0,8266
0.0362524,-0.00983143,0.00810489,607.066,115.704,-69.5377,60.0,8266
0.0359703,-0.00986812,0.00817434,591.889,112.812,-67.7993,61.0,8266
0.0356883,-0.00990481,0.00824379,576.713,109.919,-66.0608,62.0,8266
0.0354062,-0.0099415,0.00831323,561.536,107.027,-64.3224,63.0,8266
0.0351242,-0.00997819,0.00838268,546.359,104.134,-62.5839,64.0,8266
0.0348421,-0.0100149,0.00845213,531.183,101.241,-60.8455,65.0,8266
0.0345601,-0.0100516,0.00852157,516.006,98.3487,-59.1071,66.0,8266
0.034278,-0.0100883,0.00859102,500.829,95.4561,-57.3686,67.0,8266
0.033996,-0.0101249,0.00866047,485.653,92.5635,-55.6302,68.0,8266
0.0337139,-0.0101616,0.00872992,470.476,89.6709,-53.8917,69.0,8266
0.0334319,-0.0101983,0.00879936,455.299,86.7783,-52.1533,70.0,8266
0.0331498,-0.010235,0.00886881,440.123,83.8857,-50.4148,71.0,8266
0.0328678,-0.0102717,0.00893826,424.946,80.9931,-48.6764,72.0,8266
0.0325857,-0.0103084,0.0090077,409.769,78.1005,-46.938,73.0,8266
0.0323037,-0.0103451,0.00907715,394.593,75.2079,-45.1995,74.0,8266
0.0320216,-0.0103818,0.0091466,379.416,72.3153,-43.4611,75.0,8266
0.0317396,-0.0104185,0.00921605,364.24,69.4226,-41.7226,76.0,8266
0.0314575,-0.0104552,0.00928549,349.063,66.53,-39.9842,77.0,8266
0.0311755,-0.0104918,0.00935494,333.886,63.6374,-38.2457,78.0,8266
0.0308934,-0.0105285,0.00942439,318.71,60.7448,-36.5073,79.0,8266
0.0306114,-0.0105652,0.00949383,303.533,57.8522,-34.7689,80.0,8266
0.0303293,-0.0106019,0.00956328,288.356,54.9596,-33.0304,81.0,8266
0.0300473,-0.0106386,0.00963273,273.18,52.067,-31.292,82.0,8266
0.0297652,-0.0106753,0.00970218,258.003,49.1744,-29.5535,83.0,8266
0.0294832,-0.010712,0.00977162,242.826,46.2818,-27.8151,84.0,8266
0.0292011,-0.0107487,0.00984107,227.65,43.3892,-26.0766,85.0,8266
0.0289191,-0.0107854,0.00991052,212.473,40.4965,-24.3382,86.0,8266
0.028637,-0.0108221,0.00997996,197.296,37.6039,-22.5998,87.0,8266
0.0283399,-0.0108519,0.0100428,182.12,34.7113,-20.8613,88.0,8266
0.0278799,-0.0108081,0.0100347,166.943,31.8187,-19.1229,89.0,8266
0.0268121,-0.0104893,0.00976175,151.766,28.9261,-17.3844,90.0,8266
0.0244573,-0.00958802,0.00892782,136.59,26.0335,-15.646,91.0,8266
0.020387,-0.00791052,0.00734623,121.413,23.1409,-13.9075,92.0,8266
0.0149917,-0.00563349,0.00518719,106.237,20.2483,-12.1691,93.0,8266
0.00946221,-0.00329572,0.00296966,91.0599,17.3557,-10.4307,94.0,8266
0.00507581,-0.00147521,0.00125032,75.8832,14.4631,-8.69221,95.0,8266
0.00240589,-0.000431391,0.000279063,60.7066,11.5704,-6.95377,96.0,8266
0.00114886,-2.69059e-05,-7.64119e-05,45.5299,8.67783,-5.21533,97.0,8266
0.000619768,4.81904e-05,-0.000114633,30.3533,5.78522,-3.47689,98.0,8266
0.000298679,2.91656e-05,-6.22e-05,15.1766,2.89261,-1.73844,99.0,8266
8.42416e-06,-3.81191e-06,3.67148e-06,6.48507e-07,-2.93443e-07,1.41318e-07,100.0,8266
0.0,0.0,0.0,0.0,0.0,0.0,0.0,0
0.000189714,-2.74013e-05,-6.74154e-05,18.9528,8.08288,-1.68758,1.0,9245
0.000379429,-5.48027e-05,-0.000134831,37.9057,16.1658,-3.37517,2.0,9245
0.000569143,-8.2204e-05,-0.000202246,56.8585,24.2486,-5.06275,3.0,9245
0.000758858,-0.000109605,-0.000269662,75.8113,32.3315,-6.75034,4.0,9245
0.000948572,-0.000137007,-0.000337077,94.7642,40.4144,-8.43792,5.0,9245
0.00113829,-0.000164408,-0.000404493,113.717,48.4973,-10.1255,6.0,9245
0.001328,-0.000191809,-0.000471908,132.67,56.5801,-11.8131,7.0,9245
0.00151772,-0.000219211,-0.000539323,151.623,64.663,-13.5007,8.0,9245
0.00170743,-0.000246612,-0.000606739,170.575,72.7459,-15.1883,9.0,9245
0.00189714,-0.000274013,-0.000674154,189.528,80.8288,-16.8758,10.0,9245
0.00208686,-0.000301415,-0.00074157,208.481,88.9116,-18.5634,11.0,9245
0.00227657,-0.000328816,-0.000808985,227.434,96.9945,-20.251,12.0,9245
0.00246629,-0.000356217,-0.0008764,246.387,105.077,-21.9386,13.0,9245
0.002656,-0.000383619,-0.000943816,265.34,113.16,-23.6262,14.0,9245
0.00284572,-0.00041102,-0.00101123,284.292,121.243,-25.3138,15.0,9245
0.00303543,-0.000438421,-0.00107865,303.245,129.326,-27.0013,16.0,9245
0.00322515,-0.000465823,-0.00114606,322.198,137.409,-28.6889,17.0,9245
0.00341486,-0.000493224,-0.00121348,341.151,145.492,-30.3765,18.0,9245
0.00360458,-0.000520625,-0.00128089,360.104,153.575,-32.0641,19.0,9245
0.00379429,-0.000548027,-0.00134831,379.057,161.658,-33.7517,20.0,9245
0.003984,-0.000575428,-0.00141572,398.009,169.74,-35.4393,21.0,9245
0.00417372,-0.000602829,-0.00148314,416.962,177.823,-37.1269,22.0,9245
0.00436343,-0.000630231,-0.00155055,435.915,185.906,-38.8144,23.0,9245
0.00455315,-0.000657632,-0.00161797,454.868,193.989,-40.502,24.0,9245
0.00474286,-0.000685033,-0.00168539,473.821,202.072,-42.1896,25.0,9245
0.00493258,-0.000712435,-0.0017528,492.774,210.155,-43.8772,26.0,9245
0.00512229,-0.000739837,-0.00182022,511.726,218.238,-45.5648,27.0,9245
0.0053121,-0.000767286,-0.00188768,530.679,226.321,-47.2524,28.0,9245
0.00550258,-0.000795094,-0.00195546,549.632,234.403,-48.9399,29.0,9245
0.00569544,-0.000824162,-0.00202437,568.585,242.486,-50.6275,30.0,9245
0.0058941,-0.000856313,-0.00209606,587.538,250.569,-52.3151,31.0,9245
0.00610434,-0.000894602,-0.00217327,606.491,258.652,-54.0027,32.0,9245
0.00633478,-0.000943607,-0.00226013,625.443,266.735,-55.6903,33.0,9245
0.00659737,-0.00100965,-0.00236232,644.396,274.818,-57.3779,34.0,9245
0.00690763,-0.00110096,-0.00248726,663.349,282.901,-59.0655,35.0,9245
0.00728466,-0.00122763,-0.00264405,682.302,290.984,-60.753,36.0,9245
0.00775085,-0.00140147,-0.00284337,701.255,299.066,-62.4406,37.0,9245
0.00833113,-0.00163562,-0.00309708,720.208,307.149,-64.1282,38.0,9245
0.00905183,-0.00194391,-0.00341771,739.16,315.232,-65.8158,39.0,9245
0.00993906,-0.00234001,-0.00381768,758.113,323.315,-67.5034,40.0,9245
0.0110168,-0.00283645,-0.00430839,777.066,331.398,-69.191,41.0,9245
0.012305,-0.00344351,-0.00489924,796.019,339.481,-70.8785,42.0,9245
0.0138172,-0.0041682,-0.00559666,814.972,347.564,-72.5661,43.0,9245
0.0155588,-0.00501329,-0.00640325,833.925,355.647,-74.2537,44.0,9245
0.0175262,-0.00597666,-0.00731716,852.877,363.729,-75.9413,45.0,9245
0.0197055,-0.00705094,-0.00833178,871.83,371.812,-77.6289,46.0,9245
0.0220726,-0.00822354,-0.00943569,890.783,379.895,-79.3165,47.0,9245
0.0245944,-0.00947703,-0.0106131,909.736,387.978,-81.004,48.0,9245
0.0272294,-0.0107899,-0.0118443,928.689,396.061,-82.6916,49.0,9245
0.0299308,-0.0121374,-0.0131071,947.642,404.144,-84.3792,50.0,9245
0.029741,-0.01211,-0.0130397,928.689,396.061,-82.6916,51.0,9245
0.0295513,-0.0120826,-0.0129723,909.736,387.978,-81.004,52.0,9245
0.0293616,-0.0120552,-0.0129049,890.783,379.895,-79.3165,53.0,9245
0.0291719,-0.0120278,-0.0128374,871.83,371.812,-77.6289,54.0,9245
0.0289822,-0.0120004,-0.01277,852.877,363.729,-75.9413,55.0,9245
0.0287925,-0.011973,-0.0127026,833.925,355.647,-74.2537,56.0,9245
0.0286028,-0.0119456,-0.0126352,814.972,347.564,-72.5661,57.0,9245
0.028413,-0.0119182,-0.0125678,796.019,339.481,-70.8785,58.0,9245
0.0282233,-0.0118908,-0.0125004,777.066,331.398,-69.191,59.0,9245
0.0280336,-0.0118634,-0.0124329,758.113,323.315,-67.5034,60.0,9245
0.0278439,-0.011836,-0.0123655,739.16,315.232,-65.8158,61.0,9245
0.0276542,-0.0118086,-0.0122981,720.208,307.149,-64.1282,62.0,9245
0.0274645,-0.0117812,-0.0122307,701.255,299.066,-62.4406,63.0,9245
0.0272748,-0.0117538,-0.0121633,682.302,290.984,-60.753,64.0,9245
0.027085,-0.0117264,-0.0120959,663.349,282.901,-59.0655,65.0,9245
0.0268953,-0.011699,-0.0120285,644.396,274.818,-57.3779,66.0,9245
0.0267056,-0.0116716,-0.011961,625.443,266.735,-55.6903,67.0,9245
0.0265159,-0.0116442,-0.0118936,606.491,258.652,-54.0027,68.0,9245
0.0263262,-0.0116168,-0.0118262,587.538,250.569,-52.3151,69.0,9245
0.0261365,-0.0115894,-0.0117588,568.585,242.486,-50.6275,70.0,9245
0.0259468,-0.011562,-0.0116914,549.632,234.403,-48.9399,71.0,9245
0.025757,-0.0115346,-0.011624,530.679,226.321,-47.2524,72.0,9245
0.0255673,-0.0115072,-0.0115565,511.726,218.238,-45.5648,73.0,9245
0.0253776,-0.0114798,-0.0114891,492.774,210.155,-43.8772,74.0,9245
0.0251879,-0.0114524,-0.0114217,473.821,202.072,-42.1896,75.0,9245
0.0228755,-0.0103071,-0.0103434,454.868,193.989,-40.502,76.0,9245
0.0202282,-0.00898539,-0.00910565,435.915,185.906,-38.8144,77.0,9245
0.0176877,-0.00771995,-0.00791875,416.962,177.823,-37.1269,78.0,9245
0.0152962,-0.006533,-0.00680282,398.009,169.74,-35.4393,79.0,9245
0.0130884,-0.00544277,-0.00577435,379.057,161.658,-33.7517,80.0,9245
0.0110896,-0.00446262,-0.00484542,360.104,153.575,-32.0641,81.0,9245
0.00931528,-0.00360068,-0.00402337,341.151,145.492,-30.3765,82.0,9245
0.00777068,-0.00285973,-0.00331074,322.198,137.409,-28.6889,83.0,9245
0.00645162,-0.00223756,-0.0027055,303.245,129.326,-27.0013,84.0,9245
0.00534563,-0.0017276,-0.00220174,284.292,121.243,-25.3138,85.0,9245
0.00443372,-0.00131985,-0.0017904,265.34,113.16,-23.6262,86.0,9245
0.0036924,-0.00100195,-0.0014603,246.387,105.077,-21.9386,87.0,9245
0.00309574,-0.000760231,-0.00119909,227.434,96.9945,-20.251,88.0,9245
0.00261727,-0.000580756,-0.000994162,208.481,88.9116,-18.5634,89.0,9245
0.00223152,-0.000450113,-0.000833392,189.528,80.8288,-16.8758,90.0,9245
0.00191513,-0.000355995,-0.000705648,170.575,72.7459,-15.1883,91.0,9245
0.00164754,-0.000287584,-0.00060115,151.623,64.663,-13.5007,92.0,9245
0.00141178,-0.000235934,-0.000511807,132.67,56.5801,-11.8131,93.0,9245
0.00119517,-0.000194366,-0.000431582,113.717,48.4973,-10.1255,94.0,9245
0.000989425,-0.000158522,-0.000356532,94.7641,40.4144,-8.43792,95.0,9245
0.000789745,-0.000125872,-0.000284371,75.8113,32.3315,-6.75034,96.0,9245
0.000593517,-9.50403e-05,-0.000213853,56.8585,24.2486,-5.06275,97.0,9245
0.000399332,-6.52848e-05,-0.000144309,37.9057,16.1658,-3.37517,98.0,9245
0.000206415,-3.61967e-05,-7.53685e-05,18.9528,8.08288,-1.68758,99.0,9245
1.43196e-05,-7.5414e-06,-6.81926e-06,-1.66997e-06,8.79482e-07,3.97635e-07,100.0,9245
0.0,0.0,0.0,0.0,0.0,0.0,0.0,0
-0.000170238,-0.000161881,-0.000314041,-19.9348,-19.5164,-7.86126,1.0,8317
-0.000340477,-0.000323762,-0.000628081,-39.8697,-39.0329,-15.7225,2.0,8317
-0.000510715,-0.000485643,-0.000942122,-59.8045,-58.5493,-23.5838,3.0,8317
-0.000680954,-0.000647524,-0.00125616,-79.7394,-78.0657,-31.445,4.0,8317
-0.000851192,-0.000809406,-0.0015702,-99.6742,-97.5822,-39.3063,5.0,8317
-0.00102143,-0.000971287,-0.00188424,-119.609,-117.099,-47.1676,6.0,8317
-0.00119167,-0.00113317,-0.00219828,-139.544,-136.615,-55.0288,7.0,8317
-0.00136191,-0.00129505,-0.00251233,-159.479,-156.131,-62.8901,8.0,8317
-0.00153215,-0.00145693,-0.00282637,-179.414,-175.648,-70.7513,9.0,8317
-0.00170244,-0.00161888,-0.00314046,-199.348,-195.164,-78.6126,10.0,8317
-0.00187633,-0.00178549,-0.00345837,-219.283,-214.681,-86.4739,11.0,8317
-0.00207859,-0.00198887,-0.00380543,-239.218,-234.197,-94.3351,12.0,8317
-0.00237897,-0.00232157,-0.00424275,-259.153,-253.714,-102.196,13.0,8317
-0.00290173,-0.00295746,-0.00483129,-279.088,-273.23,-110.058,14.0,8317
-0.00379571,-0.00412271,-0.00555051,-299.023,-292.747,-117.919,15.0,8317
-0.00515474,-0.00597703,-0.0062976,-318.958,-312.263,-125.78,16.0,8317
-0.00693367,-0.008467,-0.00699909,-338.892,-331.779,-133.641,17.0,8317
-0.00892991,-0.0112846,-0.00768404,-358.827,-351.296,-141.503,18.0,8317
-0.0108525,-0.0139791,-0.00843746,-378.762,-370.812,-149.364,19.0,8317
-0.0124407,-0.0161558,-0.00928862,-398.697,-390.329,-157.225,20.0,8317
-0.0135666,-0.0176411,-0.0101457,-418.632,-409.845,-165.086,21.0,8317
-0.0142615,-0.0185092,-0.0108643,-438.567,-429.362,-172.948,22.0,8317
-0.0146571,-0.0189677,-0.0113875,-458.501,-448.878,-180.809,23.0,8317
-0.0148975,-0.0192207,-0.0117726,-478.436,-468.394,-188.67,24.0,8317
-0.015084,-0.0194036,-0.0121037,-498.371,-487.911,-196.532,25.0,8317
-0.0152585,-0.0195711,-0.0124223,-518.306,-507.427,-204.393,26.0,8317
-0.0154304,-0.0197351,-0.0127381,-538.241,-526.944,-212.254,27.0,8317
-0.0156015,-0.019898,-0.013053,-558.176,-546.46,-220.115,28.0,8317
-0.0157722,-0.0200606,-0.0133675,-578.111,-565.977,-227.977,29.0,8317
-0.0159428,-0.0202228,-0.0136819,-598.045,-585.493,-235.838,30.0,8317
-0.0161132,-0.020385,-0.0139962,-617.98,-605.01,-243.699,31.0,8317
-0.0162836,-0.0205471,-0.0143104,-637.915,-624.526,-251.56,32.0,8317
-0.016454,-0.0207091,-0.0146246,-657.85,-644.042,-259.422,33.0,8317
-0.0166243,-0.0208712,-0.0149387,-677.785,-663.559,-267.283,34.0,8317
-0.0167946,-0.0210331,-0.0152529,-697.72,-683.075,-275.144,35.0,8317
-0.016965,-0.0211951,-0.015567,-717.654,-702.592,-283.005,36.0,8317
-0.0171352,-0.0213571,-0.0158811,-737.589,-722.108,-290.867,37.0,8317
-0.0173055,-0.021519,-0.0161952,-757.524,-741.625,-298.728,38.0,8317
-0.0174758,-0.0216809,-0.0165092,-777.459,-761.141,-306.589,39.0,8317
-0.0176461,-0.0218429,-0.0168233,-797.394,-780.657,-314.45,40.0,8317
-0.0178164,-0.0220048,-0.0171374,-817.329,-800.174,-322.312,41.0,8317
-0.0179866,-0.0221667,-0.0174515,-837.264,-819.69,-330.173,42.0,8317
-0.0181569,-0.0223286,-0.0177655,-857.198,-839.207,-338.034,43.0,8317
-0.0183271,-0.0224905,-0.0180796,-877.133,-858.723,-345.895,44.0,8317
-0.0184974,-0.0226524,-0.0183937,-897.068,-878.24,-353.757,45.0,8317
-0.0186677,-0.0228143,-0.0187077,-917.003,-897.756,-361.618,46.0,8317
-0.0188379,-0.0229762,-0.0190218,-936.938,-917.272,-369.479,47.0,8317
-0.0190082,-0.0231381,-0.0193358,-956.873,-936.789,-377.34,48.0,8317
-0.0191784,-0.0233,-0.0196499,-976.807,-956.305,-385.202,49.0,8317
-0.0193487,-0.0234619,-0.0199639,-996.742,-975.822,-393.063,50.0,8317
-0.0191784,-0.0233,-0.0196499,-976.807,-956.305,-385.202,51.0,8317
-0.0190082,-0.0231382,-0.0193359,-956.873,-936.789,-377.34,52.0,8317
-0.0188379,-0.0229763,-0.0190218,-936.938,-917.272,-369.479,53.0,8317
-0.0186677,-0.0228144,-0.0187078,-917.003,-897.756,-361.618,54.0,8317
-0.0184975,-0.0226525,-0.0183937,-897.068,-878.24,-353.757,55.0,8317
-0.0183272,-0.0224906,-0.0180797,-877.133,-858.723,-345.895,56.0,8317
-0.018157,-0.0223287,-0.0177656,-857.198,-839.207,-338.034,57.0,8317
-0.0179868,-0.0221669,-0.0174516,-837.264,-819.69,-330.173,58.0,8317
-0.0178165,-0.022005,-0.0171376,-817.329,-800.174,-322.312,59.0,8317
-0.0176463,-0.0218431,-0.0168235,-797.394,-780.657,-314.45,60.0,8317
-0.017476,-0.0216812,-0.0165095,-777.459,-761.141,-306.589,61.0,8317
-0.0173058,-0.0215193,-0.0161954,-757.524,-741.625,-298.728,62.0,8317
-0.0171356,-0.0213575,-0.0158814,-737.589,-722.108,-290.867,63.0,8317
-0.0169653,-0.0211956,-0.0155674,-717.654,-702.592,-283.005,64.0,8317
-0.0167951,-0.0210337,-0.0152533,-697.72,-683.075,-275.144,65.0,8317
-0.0166248,-0.0208718,-0.0149393,-677.785,-663.559,-267.283,66.0,8317
-0.0164546,-0.0207099,-0.0146252,-657.85,-644.042,-259.422,67.0,8317
-0.0162844,-0.0205481,-0.0143112,-637.915,-624.526,-251.56,68.0,8317
-0.0161141,-0.0203862,-0.0139972,-617.98,-605.01,-243.699,69.0,8317
-0.0159439,-0.0202243,-0.0136831,-598.045,-585.493,-235.838,70.0,8317
-0.0157737,-0.0200624,-0.0133691,-578.111,-565.977,-227.977,71.0,8317
-0.0156034,-0.0199005,-0.013055,-558.176,-546.46,-220.115,72.0,8317
-0.0154332,-0.0197387,-0.012741,-538.241,-526.944,-212.254,73.0,8317
-0.0152629,-0.0195768,-0.012427,-518.306,-507.427,-204.393,74.0,8317
-0.0150927,-0.0194149,-0.0121129,-498.371,-487.911,-196.531,75.0,8317
-0.0149225,-0.019253,-0.0117989,-478.436,-468.394,-188.67,76.0,8317
-0.0147522,-0.0190911,-0.0114848,-458.501,-448.878,-180.809,77.0,8317
-0.014582,-0.0189292,-0.0111708,-438.567,-429.362,-172.948,78.0,8317
-0.0144117,-0.0187674,-0.0108568,-418.632,-409.845,-165.086,79.0,8317
-0.0142415,-0.0186055,-0.0105427,-398.697,-390.329,-157.225,80.0,8317
-0.0140713,-0.0184436,-0.0102287,-378.762,-370.812,-149.364,81.0,8317
-0.013901,-0.0182817,-0.00991463,-358.827,-351.296,-141.503,82.0,8317
-0.0137308,-0.0181198,-0.00960059,-338.892,-331.779,-133.641,83.0,8317
-0.0135589,-0.0179557,-0.00928592,-318.958,-312.263,-125.78,84.0,8317
-0.0133668,-0.0177628,-0.00896327,-299.023,-292.747,-117.919,85.0,8317
-0.0130967,-0.0174592,-0.00860993,-279.088,-273.23,-110.058,86.0,8317
-0.0126379,-0.0168881,-0.00818242,-259.153,-253.714,-102.196,87.0,8317
-0.0118492,-0.0158491,-0.00762513,-239.218,-234.197,-94.3351,88.0,8317
-0.0106234,-0.0141905,-0.00689599,-219.283,-214.681,-86.4739,89.0,8317
-0.00896761,-0.0119218,-0.00599769,-199.348,-195.164,-78.6126,90.0,8317
-0.00703726,-0.00926387,-0.00499143,-179.414,-175.648,-70.7513,91.0,8317
-0.00509395,-0.00658755,-0.00398007,-159.479,-156.131,-62.8901,92.0,8317
-0.00340449,-0.00427123,-0.00306855,-139.544,-136.615,-55.0288,93.0,8317
-0.00213733,-0.00255377,-0.00232311,-119.609,-117.099,-47.1676,94.0,8317
-0.00131282,-0.00146405,-0.00175175,-99.6742,-97.5822,-39.3063,95.0,8317
-0.000831549,-0.000861087,-0.00131539,-79.7394,-78.0657,-31.445,96.0,8317
-0.000551159,-0.000542997,-0.000958028,-59.8045,-58.5493,-23.5838,97.0,8317
-0.000353196,-0.0003418,-0.000633084,-39.8697,-39.0329,-15.7225,98.0,8317
-0.000176211,-0.000170352,-0.00031639,-19.9348,-19.5164,-7.86126,99.0,8317
-3.65598e-06,-5.18464e-06,-1.43783e-06,2.28057e-07,3.23418e-07,4.48467e-08,100.0,8317
0.0,0.0,0.0,0.0,0.0,0.0,0.0,0
-0.000235182,0.000246473,-0.000250253,-6.23679,17.8774,-6.26448,1.0,3302
-0.000470364,0.000492946,-0.000500506,-12.4736,35.7547,-12.529,2.0,3302
-0.000705546,0.000739418,-0.000750759,-18.7104,53.6321,-18.7935,3.0,3302
-0.000940728,0.000985891,-0.00100101,-24.9472,71.5095,-25.0579,4.0,3302
-0.00117591,0.00123236,-0.00125126,-31.1839,89.3868,-31.3224,5.0,3302
-0.00141109,0.00147884,-0.00150152,-37.4207,107.264,-37.5869,6.0,3302
-0.00164764,0.00172632,-0.00175372,-43.6575,125.142,-43.8514,7.0,3302
-0.00194736,0.00202079,-0.00209651,-49.8943,143.019,-50.1159,8.0,3302
-0.00265904,0.00262035,-0.00304037,-56.1311,160.896,-56.3804,9.0,3302
-0.0044866,0.00403912,-0.00567223,-62.3679,178.774,-62.6448,10.0,3302
-0.00792102,0.00662875,-0.0108081,-68.6047,196.651,-68.9093,11.0,3302
-0.0124443,0.0100099,-0.0176568,-74.8415,214.528,-75.1738,12.0,3302
-0.0166641,0.0131729,-0.0240066,-81.0783,232.406,-81.4383,13.0,3302
-0.0194397,0.015287,-0.0280787,-87.315,250.283,-87.7028,14.0,3302
-0.0207177,0.0163047,-0.0298592,-93.5518,268.161,-93.9673,15.0,3302
-0.021189,0.0167266,-0.0304496,-99.7886,286.038,-100.232,16.0,3302
-0.0214662,0.0170043,-0.03076,-106.025,303.915,-106.496,17.0,3302
-0.0217014,0.0172508,-0.0310103,-112.262,321.793,-112.761,18.0,3302
-0.0219366,0.0174972,-0.0312605,-118.499,339.67,-119.025,19.0,3302
-0.0221717,0.0177437,-0.0315108,-124.736,357.547,-125.29,20.0,3302
-0.0224069,0.0179902,-0.031761,-130.973,375.425,-131.554,21.0,3302
-0.0226421,0.0182367,-0.0320113,-137.209,393.302,-137.819,22.0,3302
-0.0228773,0.0184831,-0.0322615,-143.446,411.179,-144.083,23.0,3302
-0.0231125,0.0187296,-0.0325118,-149.683,429.057,-150.348,24.0,3302
-0.0233477,0.0189761,-0.032762,-155.92,446.934,-156.612,25.0,3302
-0.0235828,0.0192226,-0.0330123,-162.157,464.812,-162.877,26.0,3302
-0.023818,0.019469,-0.0332625,-168.393,482.689,-169.141,27.0,3302
-0.0240532,0.0197155,-0.0335128,-174.63,500.566,-175.406,28.0,3302
-0.0242884,0.019962,-0.0337631,-180.867,518.444,-181.67,29.0,3302
-0.0245236,0.0202084,-0.0340133,-187.104,536.321,-187.935,30.0,3302
-0.0247587,0.0204549,-0.0342636,-193.34,554.198,-194.199,31.0,3302
-0.0249939,0.0207014,-0.0345138,-199.577,572.076,-200.463,32.0,3302
-0.0252291,0.0209479,-0.0347641,-205.814,589.953,-206.728,33.0,3302
-0.0254643,0.0211943,-0.0350143,-212.051,607.831,-212.992,34.0,3302
-0.0256995,0.0214408,-0.0352646,-218.288,625.708,-219.257,35.0,3302
-0.0259347,0.0216873,-0.0355148,-224.524,643.585,-225.521,36.0,3302
-0.0261698,0.0219338,-0.0357651,-230.761,661.463,-231.786,37.0,3302
-0.026405,0.0221802,-0.0360153,-236.998,679.34,-238.05,38.0,3302
-0.0266402,0.0224267,-0.0362656,-243.235,697.217,-244.315,39.0,3302
-0.0268754,0.0226732,-0.0365158,-249.472,715.095,-250.579,40.0,3302
-0.0271106,0.0229196,-0.0367661,-255.708,732.972,-256.844,41.0,3302
-0.0273457,0.0231661,-0.0370163,-261.945,750.85,-263.108,42.0,3302
-0.0275809,0.0234126,-0.0372666,-268.182,768.727,-269.373,43.0,3302
-0.0278161,0.0236591,-0.0375168,-274.419,786.604,-275.637,44.0,3302
-0.0280513,0.0239055,-0.0377671,-280.656,804.482,-281.902,45.0,3302
-0.0282865,0.024152,-0.0380174,-286.892,822.359,-288.166,46.0,3302
-0.0285217,0.0243985,-0.0382676,-293.129,840.236,-294.431,47.0,3302
-0.0287568,0.024645,-0.0385179,-299.366,858.114,-300.695,48.0,3302
-0.028992,0.0248914,-0.0387681,-305.603,875.991,-306.96,49.0,3302
-0.0292272,0.0251379,-0.0390184,-311.839,893.868,-313.224,50.0,3302
-0.028992,0.0248914,-0.0387681,-305.603,875.991,-306.96,51.0,3302
-0.0287568,0.024645,-0.0385179,-299.366,858.114,-300.695,52.0,3302
-0.0285217,0.0243985,-0.0382676,-293.129,840.236,-294.431,53.0,3302
-0.0282865,0.024152,-0.0380174,-286.892,822.359,-288.166,54.0,3302
-0.0280513,0.0239055,-0.0377671,-280.656,804.482,-281.902,55.0,3302
-0.0278161,0.0236591,-0.0375168,-274.419,786.604,-275.637,56.0,3302
-0.0275809,0.0234126,-0.0372666,-268.182,768.727,-269.373,57.0,3302
-0.0273457,0.0231661,-0.0370163,-261.945,750.85,-263.108,58.0,3302
-0.0271106,0.0229196,-0.0367661,-255.708,732.972,-256.844,59.0,3302
-0.0268754,0.0226732,-0.0365158,-249.472,715.095,-250.579,60.0,3302
-0.0266402,0.0224267,-0.0362656,-243.235,697.217,-244.315,61.0,3302
-0.026405,0.0221802,-0.0360153,-236.998,679.34,-238.05,62.0,3302
-0.0261698,0.0219338,-0.0357651,-230.761,661.463,-231.786,63.0,3302
-0.0259347,0.0216873,-0.0355148,-224.524,643.585,-225.521,64.0,3302
-0.0256995,0.0214408,-0.0352646,-218.288,625.708,-219.257,65.0,3302
-0.0254643,0.0211943,-0.0350143,-212.051,607.831,-212.992,66.0,3302
-0.0252291,0.0209479,-0.0347641,-205.814,589.953,-206.728,67.0,3302
-0.0249939,0.0207014,-0.0345138,-199.577,572.076,-200.463,68.0,3302
-0.0247587,0.0204549,-0.0342636,-193.34,554.198,-194.199,69.0,3302
-0.0245236,0.0202084,-0.0340133,-187.104,536.321,-187.935,70.0,3302
-0.0242884,0.019962,-0.0337631,-180.867,518.444,-181.67,71.0,3302
-0.0240532,0.0197155,-0.0335128,-174.63,500.566,-175.406,72.0,3302
-0.023818,0.019469,-0.0332625,-168.393,482.689,-169.141,73.0,3302
-0.0235828,0.0192226,-0.0330123,-162.157,464.812,-162.877,74.0,3302
-0.0233477,0.0189761,-0.032762,-155.92,446.934,-156.612,75.0,3302
-0.0231125,0.0187296,-0.0325118,-149.683,429.057,-150.348,76.0,3302
-0.0228773,0.0184831,-0.0322615,-143.446,411.179,-144.083,77.0,3302
-0.0226421,0.0182367,-0.0320113,-137.209,393.302,-137.819,78.0,3302
-0.0224069,0.0179902,-0.031761,-130.973,375.425,-131.554,79.0,3302
-0.0221717,0.0177437,-0.0315108,-124.736,357.547,-125.29,80.0,3302
-0.0219366,0.0174972,-0.0312605,-118.499,339.67,-119.025,81.0,3302
-0.0217014,0.0172508,-0.0310103,-112.262,321.793,-112.761,82.0,3302
-0.0214662,0.0170043,-0.03076,-106.025,303.915,-106.496,83.0,3302
-0.021231,0.0167578,-0.0305098,-99.7886,286.038,-100.232,84.0,3302
-0.0209958,0.0165114,-0.0302595,-93.5518,268.161,-93.9673,85.0,3302
-0.0207606,0.0162649,-0.0300093,-87.315,250.283,-87.7028,86.0,3302
-0.0205255,0.0160184,-0.029759,-81.0783,232.406,-81.4383,87.0,3302
-0.0202903,0.0157719,-0.0295088,-74.8415,214.528,-75.1738,88.0,3302
-0.0200551,0.0155255,-0.0292585,-68.6047,196.651,-68.9093,89.0,3302
-0.0198199,0.015279,-0.0290082,-62.3679,178.774,-62.6448,90.0,3302
-0.0195847,0.0150325,-0.028758,-56.1311,160.896,-56.3804,91.0,3302
-0.0193496,0.014786,-0.0285077,-49.8943,143.019,-50.1159,92.0,3302
-0.0191144,0.0145396,-0.0282575,-43.6575,125.142,-43.8514,93.0,3302
-0.0188792,0.0142931,-0.0280072,-37.4207,107.264,-37.5869,94.0,3302
-0.018644,0.0140466,-0.027757,-31.1839,89.3868,-31.3224,95.0,3302
-0.0184088,0.0138002,-0.0275067,-24.9472,71.5095,-25.0579,96.0,3302
-0.0181736,0.0135537,-0.0272565,-18.7104,53.6321,-18.7935,97.0,3302
-0.0179385,0.0133072,-0.0270062,-12.4736,35.7547,-12.529,98.0,3302
-0.0177033,0.0130607,-0.026756,-6.23679,17.8774,-6.26448,99.0,3302
-0.0174681,0.0128143,-0.0265057,-3.79157e-07,2.78153e-07,-2.87665e-07,100.0,3302
0.0,0.0,0.0,0.0,0.0,0.0,0.0,0
-0.000226791,2.98634e-05,0.000307225,-10.5972,2.25227,7.69065,1.0,3361
-0.000453581,5.97268e-05,0.00061445,-21.1943,4.50455,15.3813,2.0,3361
-0.000680372,8.95902e-05,0.000921676,-31.7915,6.75682,23.072,3.0,3361
-0.000907162,0.000119454,0.0012289,-42.3887,9.00909,30.7626,4.0,3361
-0.00113395,0.000149317,0.00153613,-52.9858,11.2614,38.4533,5.0,3361
-0.00136074,0.00017918,0.00184335,-63.583,13.5136,46.1439,6.0,3361
-0.00158753,0.000209044,0.00215058,-74.1802,15.7659,53.8346,7.0,3361
-0.00181432,0.000238907,0.0024578,-84.7773,18.0182,61.5252,8.0,3361
-0.00204111,0.000268771,0.00276503,-95.3745,20.2705,69.2159,9.0,3361
-0.00226791,0.000298634,0.00307226,-105.972,22.5227,76.9065,10.0,3361
-0.00249656,0.000328225,0.00338232,-116.569,24.775,84.5972,11.0,3361
-0.00274883,0.000354334,0.00372833,-127.166,27.0273,92.2878,12.0,3361
-0.00310071,0.000365056,0.00422653,-137.763,29.2795,99.9785,13.0,3361
-0.00370188,0.000332685,0.00510906,-148.36,31.5318,107.669,14.0,3361
-0.00474916,0.000209954,0.00668926,-158.957,33.7841,115.36,15.0,3361
-0.00640581,-5.54528e-05,0.00923691,-169.555,36.0364,123.05,16.0,3361
-0.00870255,-0.000485859,0.0128121,-180.152,38.2886,130.741,17.0,3361
-0.0114806,-0.00104506,0.0171636,-190.749,40.5409,138.432,18.0,3361
-0.0144189,-0.00164271,0.0217702,-201.346,42.7932,146.122,19.0,3361
-0.0171391,-0.00217164,0.0260173,-211.943,45.0455,153.813,20.0,3361
-0.0193376,-0.00255547,0.0294189,-222.54,47.2977,161.504,21.0,3361
-0.0208834,-0.00277741,0.0317773,-233.138,49.55,169.194,22.0,3361
-0.0218347,-0.00287207,0.0332009,-243.735,51.8023,176.885,23.0,3361
-0.0223717,-0.00289111,0.0339829,-254.332,54.0545,184.576,24.0,3361
-0.0226945,-0.00287563,0.0344364,-264.929,56.3068,192.266,25.0,3361
-0.0229445,-0.00284918,0.0347789,-275.526,58.5591,199.957,26.0,3361
-0.0231779,-0.00282029,0.0350963,-286.123,60.8114,207.648,27.0,3361
-0.0234074,-0.00279082,0.0354077,-296.721,63.0636,215.338,28.0,3361
-0.0236356,-0.00276116,0.035717,-307.318,65.3159,223.029,29.0,3361
-0.0238632,-0.00273142,0.0360255,-317.915,67.5682,230.72,30.0,3361
-0.0240906,-0.00270164,0.0363336,-328.512,69.8205,238.41,31.0,3361
-0.0243178,-0.00267183,0.0366414,-339.109,72.0727,246.101,32.0,3361
-0.0245448,-0.00264201,0.036949,-349.706,74.325,253.791,33.0,3361
-0.0247718,-0.00261218,0.0372566,-360.304,76.5773,261.482,34.0,3361
-0.0249988,-0.00258234,0.0375641,-370.901,78.8295,269.173,35.0,3361
-0.0252257,-0.00255249,0.0378715,-381.498,81.0818,276.863,36.0,3361
-0.0254527,-0.00252265,0.0381789,-392.095,83.3341,284.554,37.0,3361
-0.0256795,-0.0024928,0.0384863,-402.692,85.5864,292.245,38.0,3361
-0.0259064,-0.00246295,0.0387936,-413.289,87.8386,299.935,39.0,3361
-0.0261333,-0.0024331,0.039101,-423.887,90.0909,307.626,40.0,3361
-0.0263601,-0.00240324,0.0394083,-434.484,92.3432,315.317,41.0,3361
-0.026587,-0.00237339,0.0397156,-445.081,94.5955,323.007,42.0,3361
-0.0268138,-0.00234353,0.0400229,-455.678,96.8477,330.698,43.0,3361
-0.0270406,-0.00231367,0.0403302,-466.275,99.1,338.389,44.0,3361
-0.0272675,-0.00228381,0.0406375,-476.872,101.352,346.079,45.0,3361
-0.0274943,-0.00225396,0.0409448,-487.47,103.605,353.77,46.0,3361
-0.0277211,-0.0022241,0.041252,-498.067,105.857,361.461,47.0,3361
-0.0279479,-0.00219424,0.0415593,-508.664,108.109,369.151,48.0,3361
-0.0281748,-0.00216438,0.0418666,-519.261,110.361,376.842,49.0,3361
-0.0284016,-0.00213452,0.0421738,-529.858,112.614,384.533,50.0,3361
-0.0281748,-0.00216438,0.0418666,-519.261,110.361,376.842,51.0,3361
-0.027948,-0.00219425,0.0415594,-508.664,108.109,369.151,52.0,3361
-0.0277212,-0.00222411,0.0412522,-498.067,105.857,361.461,53.0,3361
-0.0274944,-0.00225397,0.0409449,-487.47,103.605,353.77,54.0,3361
-0.0272676,-0.00228384,0.0406377,-476.872,101.352,346.079,55.0,3361
-0.0270408,-0.0023137,0.0403305,-466.275,99.1,338.389,56.0,3361
-0.026814,-0.00234356,0.0400233,-455.678,96.8477,330.698,57.0,3361
-0.0265873,-0.00237343,0.039716,-445.081,94.5955,323.007,58.0,3361
-0.0263605,-0.00240329,0.0394088,-434.484,92.3432,315.317,59.0,3361
-0.0261337,-0.00243315,0.0391016,-423.887,90.0909,307.626,60.0,3361
-0.0259069,-0.00246302,0.0387944,-413.289,87.8386,299.935,61.0,3361
-0.0256801,-0.00249288,0.0384871,-402.692,85.5864,292.245,62.0,3361
-0.0254533,-0.00252274,0.0381799,-392.095,83.3341,284.554,63.0,3361
-0.0252265,-0.00255261,0.0378727,-381.498,81.0818,276.863,64.0,3361
-0.0249997,-0.00258247,0.0375655,-370.901,78.8295,269.173,65.0,3361
-0.0247729,-0.00261233,0.0372582,-360.304,76.5773,261.482,66.0,3361
-0.0245461,-0.0026422,0.036951,-349.706,74.325,253.791,67.0,3361
-0.0243193,-0.00267206,0.0366438,-339.109,72.0727,246.101,68.0,3361
-0.0240926,-0.00270192,0.0363366,-328.512,69.8205,238.41,69.0,3361
-0.0238658,-0.00273179,0.0360293,-317.915,67.5682,230.72,70.0,3361
-0.023639,-0.00276165,0.0357221,-307.318,65.3159,223.029,71.0,3361
-0.0234122,-0.00279151,0.0354149,-296.721,63.0636,215.338,72.0,3361
-0.0231854,-0.00282138,0.0351077,-286.123,60.8114,207.648,73.0,3361
-0.0229586,-0.00285124,0.0348004,-275.526,58.5591,199.957,74.0,3361
-0.0227318,-0.0028811,0.0344932,-264.929,56.3068,192.266,75.0,3361
-0.022505,-0.00291097,0.034186,-254.332,54.0545,184.576,76.0,3361
-0.0222782,-0.00294083,0.0338788,-243.735,51.8023,176.885,77.0,3361
-0.0220514,-0.00297069,0.0335715,-233.138,49.55,169.194,78.0,3361
-0.0218247,-0.00300056,0.0332643,-222.54,47.2977,161.504,79.0,3361
-0.0215979,-0.00303042,0.0329571,-211.943,45.0455,153.813,80.0,3361
-0.0213711,-0.00306028,0.0326499,-201.346,42.7932,146.122,81.0,3361
-0.0211443,-0.00309015,0.0323426,-190.749,40.5409,138.432,82.0,3361
-0.0209175,-0.00312001,0.0320354,-180.152,38.2886,130.741,83.0,3361
-0.0206797,-0.00314753,0.0317109,-169.555,36.0364,123.05,84.0,3361
-0.0203814,-0.0031622,0.0312913,-158.957,33.7841,115.36,85.0,3361
-0.0199049,-0.00313896,0.0305916,-148.36,31.5318,107.669,86.0,3361
-0.019064,-0.00303827,0.0293194,-137.763,29.2795,99.9785,87.0,3361
-0.0176599,-0.0028178,0.027162,-127.166,27.0273,92.2878,88.0,3361
-0.0155859,-0.00245492,0.023952,-116.569,24.775,84.5972,89.0,3361
-0.0129237,-0.00196696,0.0198175,-105.972,22.5227,76.9065,90.0,3361
-0.00995649,-0.00141418,0.0152038,-95.3745,20.2705,69.2159,91.0,3361
-0.00708082,-0.000880842,0.010734,-84.7773,18.0182,61.5252,92.0,3361
-0.00465881,-0.000443963,0.00697701,-74.1802,15.7659,53.8346,93.0,3361
-0.00288882,-0.000145716,0.00424469,-63.583,13.5136,46.1439,94.0,3361
-0.00176053,1.60962e-05,0.00252077,-52.9858,11.2614,38.4533,95.0,3361
-0.00111182,7.59397e-05,0.00155052,-42.3887,9.00909,30.7626,96.0,3361
-0.000737121,7.75244e-05,0.00101086,-31.7915,6.75682,23.072,97.0,3361
-0.00047254,5.56958e-05,0.000644244,-21.1943,4.50455,15.3813,98.0,3361
-0.000236033,2.78983e-05,0.00032175,-10.5972,2.25227,7.69065,99.0,3361
-5.75624e-06,-1.22388e-06,9.04578e-06,-2.59907e-07,-5.52612e-08,2.0422e-07,100.0,3361
0.0,0.0,0.0,0.0,0.0,0.0,0.0,0
0.000214261,-2.49877e-05,-1.28661e-05,9.20675,-2.77129,-0.322071,1.0,8585
0.000428522,-4.99753e-05,-2.57321e-05,18.4135,-5.54259,-0.644142,2.0,8585
0.000642783,-7.4963e-05,-3.85982e-05,27.6202,-8.31388,-0.966213,3.0,8585
0.000857044,-9.99506e-05,-5.14642e-05,36.827,-11.0852,-1.28828,4.0,8585
0.00107131,-0.000124938,-6.43303e-05,46.0337,-13.8565,-1.61036,5.0,8585
0.00128557,-0.000149926,-7.71964e-05,55.2405,-16.6278,-1.93243,6.0,8585
0.00149983,-0.000174914,-9.00624e-05,64.4472,-19.3991,-2.2545,7.0,8585
0.00171409,-0.000199901,-0.000102928,73.654,-22.1703,-2.57657,8.0,8585
0.00192835,-0.000224889,-0.000115795,82.8607,-24.9416,-2.89864,9.0,8585
0.00214261,-0.000249877,-0.000128661,92.0675,-27.7129,-3.22071,10.0,8585
0.00235687,-0.000274864,-0.000141527,101.274,-30.4842,-3.54278,11.0,8585
0.00257113,-0.000299852,-0.000154393,110.481,-33.2555,-3.86485,12.0,8585
0.00278539,-0.00032484,-0.000167259,119.688,-36.0268,-4.18692,13.0,8585
0.00299965,-0.000349827,-0.000180125,128.894,-38.7981,-4.509,14.0,8585
0.00321392,-0.000374815,-0.000192991,138.101,-41.5694,-4.83107,15.0,8585
0.00342818,-0.000399803,-0.000205857,147.308,-44.3407,-5.15314,16.0,8585
0.00364256,-0.000424826,-0.000218732,156.515,-47.112,-5.47521,17.0,8585
0.00385949,-0.00045062,-0.000231809,165.721,-49.8833,-5.79728,18.0,8585
0.00408993,-0.000480503,-0.000245955,174.928,-52.6546,-6.11935,19.0,8585
0.00436059,-0.000522614,-0.000263286,184.135,-55.4259,-6.44142,20.0,8585
0.00472032,-0.000592076,-0.000287696,193.342,-58.1972,-6.76349,21.0,8585
0.00524404,-0.000712865,-0.000325233,202.548,-60.9684,-7.08556,22.0,8585
0.00603213,-0.000918772,-0.000384149,211.755,-63.7397,-7.40764,23.0,8585
0.00720223,-0.00125216,-0.000474377,220.962,-66.511,-7.72971,24.0,8585
0.00887203,-0.00175897,-0.000606182,230.169,-69.2823,-8.05178,25.0,8585
0.0111347,-0.00247934,-0.000788045,239.375,-72.0536,-8.37385,26.0,8585
0.0140324,-0.00343576,-0.0010242,248.582,-74.8249,-8.69592,27.0,8585
0.0175361,-0.00462258,-0.00131265,257.789,-77.5962,-9.01799,28.0,8585
0.0215383,-0.00600107,-0.00164432,266.996,-80.3675,-9.34006,29.0,8585
0.0258619,-0.00750227,-0.00200376,276.202,-83.1388,-9.66213,30.0,8585
0.0302828,-0.00903701,-0.00237128,285.409,-85.9101,-9.98421,31.0,8585
0.0345627,-0.0105108,-0.00272595,294.616,-88.6814,-10.3063,32.0,8585
0.0384845,-0.0118399,-0.00304893,303.823,-91.4527,-10.6283,33.0,8585
0.0418833,-0.0129647,-0.00332626,313.029,-94.224,-10.9504,34.0,8585
0.0446664,-0.0138575,-0.00355066,322.236,-96.9952,-11.2725,35.0,8585
0.0468192,-0.0145216,-0.0037217,331.443,-99.7665,-11.5946,36.0,8585
0.0483943,-0.0149846,-0.00384461,340.65,-102.538,-11.9166,37.0,8585
0.0494897,-0.0152873,-0.00392818,349.856,-105.309,-12.2387,38.0,8585
0.0502236,-0.0154734,-0.00398249,359.063,-108.08,-12.5608,39.0,8585
0.0507112,-0.0155821,-0.00401706,368.27,-110.852,-12.8828,40.0,8585
0.0510515,-0.0156454,-0.00403992,377.477,-113.623,-13.2049,41.0,8585
0.0513185,-0.0156864,-0.00405695,386.683,-116.394,-13.527,42.0,8585
0.0515551,-0.0157182,-0.00407159,395.89,-119.166,-13.8491,43.0,8585
0.0517801,-0.0157464,-0.0040853,405.097,-121.937,-14.1711,44.0,8585
0.0520002,-0.0157731,-0.00409863,414.304,-124.708,-14.4932,45.0,8585
0.052218,-0.0157992,-0.00411177,423.51,-127.479,-14.8153,46.0,8585
0.0524346,-0.0158249,-0.00412482,432.717,-130.251,-15.1373,47.0,8585
0.0526505,-0.0158504,-0.00413782,441.924,-133.022,-15.4594,48.0,8585
0.052866,-0.0158757,-0.00415078,451.131,-135.793,-15.7815,49.0,8585
0.0530812,-0.015901,-0.00416372,460.337,-138.565,-16.1036,50.0,8585
0.0528669,-0.015876,-0.00415086,451.131,-135.793,-15.7815,51.0,8585
0.0526526,-0.015851,-0.00413799,441.924,-133.022,-15.4594,52.0,8585
0.0524384,-0.015826,-0.00412512,432.717,-130.251,-15.1373,53.0,8585
0.0522241,-0.015801,-0.00411226,423.51,-127.479,-14.8153,54.0,8585
0.0520098,-0.0157761,-0.00409939,414.304,-124.708,-14.4932,55.0,8585
0.0517956,-0.0157511,-0.00408653,405.097,-121.937,-14.1711,56.0,8585
0.0515813,-0.0157261,-0.00407366,395.89,-119.166,-13.8491,57.0,8585
0.0513671,-0.0157011,-0.00406079,386.683,-116.394,-13.527,58.0,8585
0.0511528,-0.0156761,-0.00404793,377.477,-113.623,-13.2049,59.0,8585
0.0509385,-0.0156511,-0.00403506,368.27,-110.852,-12.8828,60.0,8585
0.0507243,-0.0156261,-0.00402219,359.063,-108.08,-12.5608,61.0,8585
0.05051,-0.0156011,-0.00400933,349.856,-105.309,-12.2387,62.0,8585
0.0502958,-0.0155762,-0.00399646,340.65,-102.538,-11.9166,63.0,8585
0.0500815,-0.0155512,-0.0039836,331.443,-99.7665,-11.5946,64.0,8585
0.0498672,-0.0155262,-0.00397073,322.236,-96.9953,-11.2725,65.0,8585
0.049653,-0.0155012,-0.00395786,313.029,-94.224,-10.9504,66.0,8585
0.0494387,-0.0154762,-0.003945,303.823,-91.4527,-10.6283,67.0,8585
0.0492245,-0.0154512,-0.00393213,294.616,-88.6814,-10.3063,68.0,8585
0.0490102,-0.0154262,-0.00391927,285.409,-85.9101,-9.98421,69.0,8585
0.0487959,-0.0154012,-0.0039064,276.202,-83.1388,-9.66213,70.0,8585
0.0485817,-0.0153763,-0.00389353,266.996,-80.3675,-9.34006,71.0,8585
0.0483674,-0.0153513,-0.00388067,257.789,-77.5962,-9.01799,72.0,8585
0.0481476,-0.0153244,-0.00386734,248.582,-74.8249,-8.69592,73.0,8585
0.0478909,-0.0152847,-0.00385095,239.375,-72.0536,-8.37385,74.0,8585
0.0475595,-0.0152192,-0.00382835,230.169,-69.2823,-8.05178,75.0,8585
0.0470854,-0.0151043,-0.00379389,220.962,-66.511,-7.72971,76.0,8585
0.0463748,-0.0149077,-0.00373979,211.755,-63.7397,-7.40764,77.0,8585
0.0453156,-0.0145905,-0.00365671,202.548,-60.9684,-7.08556,78.0,8585
0.0437923,-0.0141129,-0.00353508,193.342,-58.1972,-6.76349,79.0,8585
0.0417082,-0.0134412,-0.00336684,184.135,-55.4259,-6.44142,80.0,8585
0.0390096,-0.0125571,-0.00314755,174.928,-52.6546,-6.11935,81.0,8585
0.0357065,-0.011464,-0.00287803,165.721,-49.8833,-5.79728,82.0,8585
0.0318818,-0.0101904,-0.00256517,156.515,-47.112,-5.47521,83.0,8585
0.0276872,-0.00878898,-0.00222157,147.308,-44.3407,-5.15314,84.0,8585
0.0233257,-0.00732982,-0.00186411,138.101,-41.5694,-4.83107,85.0,8585
0.0190242,-0.00589137,-0.00151162,128.894,-38.7981,-4.509,86.0,8585
0.0150007,-0.00454911,-0.00118225,119.688,-36.0268,-4.18692,87.0,8585
0.0114347,-0.00336503,-0.000890878,110.481,-33.2555,-3.86485,88.0,8585
0.00844331,-0.00237966,-0.000647256,101.274,-30.4842,-3.54278,89.0,8585
0.00607099,-0.00160838,-0.000455075,92.0675,-27.7129,-3.22071,90.0,8585
0.00429265,-0.0010425,-0.000312247,82.8607,-24.9416,-2.89864,91.0,8585
0.00302936,-0.000654743,-0.000212216,73.654,-22.1703,-2.57657,92.0,8585
0.00217154,-0.000407204,-0.000145876,64.4472,-19.3991,-2.2545,93.0,8585
0.00160252,-0.000259534,-0.000103532,55.2405,-16.6278,-1.93243,94.0,8585
0.00121623,-0.000175055,-7.63722e-05,46.0337,-13.8565,-1.61036,95.0,8585
0.000928025,-0.000124497,-5.73621e-05,36.827,-11.0852,-1.28828,96.0,8585
0.000682896,-8.88346e-05,-4.19312e-05,27.6202,-8.31388,-0.966213,97.0,8585
0.000454524,-5.89672e-05,-2.78927e-05,18.4135,-5.54259,-0.644142,98.0,8585
0.00023289,-3.143e-05,-1.4414e-05,9.20675,-2.77129,-0.322071,99.0,8585
1.42956e-05,-4.94366e-06,-1.18784e-06,2.85656e-07,-9.87834e-08,-1.18677e-08,100.0,8585
0.0,0.0,0.0,0.0,0.0,0.0,0.0,0
0.000239186,-0.000182145,-0.000290376,18.5541,-2.53991,-7.26886,1.0,6041
0.000478371,-0.000364289,-0.000580751,37.1082,-5.07982,-14.5377,2.0,6041
0.000717557,-0.000546434,-0.000871127,55.6623,-7.61972,-21.8066,3.0,6041
0.000956742,-0.000728578,-0.0011615,74.2163,-10.1596,-29.0755,4.0,6041
0.00119593,-0.000910723,-0.00145188,92.7704,-12.6995,-36.3443,5.0,6041
0.00143511,-0.00109287,-0.00174225,111.325,-15.2394,-43.6132,6.0,6041
0.0016743,-0.00127501,-0.00203263,129.879,-17.7794,-50.882,7.0,6041
0.00191348,-0.00145716,-0.00232301,148.433,-20.3193,-58.1509,8.0,6041
0.00215271,-0.00163934,-0.00261344,166.987,-22.8592,-65.4198,9.0,6041
0.00239639,-0.00182703,-0.00291145,185.541,-25.3991,-72.6886,10.0,6041
0.00268107,-0.00206548,-0.00327948,204.095,-27.939,-79.9575,11.0,6041
0.00311101,-0.00248718,-0.00390186,222.649,-30.4789,-87.2264,12.0,6041
0.00384052,-0.00330879,-0.00508901,241.203,-33.0188,-94.4952,13.0,6041
0.00495801,-0.00472238,-0.00714328,259.757,-35.5587,-101.764,14.0,6041
0.00637961,-0.00673702,-0.0101282,278.311,-38.0986,-109.033,15.0,6041
0.00795231,-0.0091432,-0.0137457,296.865,-40.6385,-116.302,16.0,6041
0.00958386,-0.0116056,-0.0174331,315.419,-43.1784,-123.571,17.0,6041
0.0111361,-0.0137536,-0.0205893,333.974,-45.7183,-130.84,18.0,6041
0.0123802,-0.0153104,-0.0228348,352.528,-48.2583,-138.108,19.0,6041
0.013197,-0.0162377,-0.0241668,371.082,-50.7982,-145.377,20.0,6041
0.0136716,-0.0167148,-0.0248657,389.636,-53.3381,-152.646,21.0,6041
0.0139733,-0.0169744,-0.0252629,408.19,-55.878,-159.915,22.0,6041
0.014225,-0.017172,-0.0255745,426.744,-58.4179,-167.184,23.0,6041
0.0144675,-0.0173582,-0.0258706,445.298,-60.9578,-174.453,24.0,6041
0.0147081,-0.0175421,-0.0261633,463.852,-63.4977,-181.722,25.0,6041
0.014948,-0.0177251,-0.0264548,482.406,-66.0376,-188.99,26.0,6041
0.0151876,-0.0179078,-0.0267459,500.96,-68.5775,-196.259,27.0,6041
0.0154271,-0.0180903,-0.0270368,519.514,-71.1174,-203.528,28.0,6041
0.0156665,-0.0182726,-0.0273275,538.068,-73.6573,-210.797,29.0,6041
0.0159058,-0.018455,-0.0276181,556.623,-76.1972,-218.066,30.0,6041
0.0161451,-0.0186373,-0.0279087,575.177,-78.7371,-225.335,31.0,6041
0.0163844,-0.0188195,-0.0281992,593.731,-81.2771,-232.604,32.0,6041
0.0166236,-0.0190018,-0.0284897,612.285,-83.817,-239.873,33.0,6041
0.0168629,-0.019184,-0.0287802,630.839,-86.3569,-247.141,34.0,6041
0.0171021,-0.0193662,-0.0290707,649.393,-88.8968,-254.41,35.0,6041
0.0173413,-0.0195484,-0.0293611,667.947,-91.4367,-261.679,36.0,6041
0.0175806,-0.0197306,-0.0296516,686.501,-93.9766,-268.948,37.0,6041
0.0178198,-0.0199128,-0.029942,705.055,-96.5165,-276.217,38.0,6041
0.018059,-0.0200949,-0.0302324,723.609,-99.0564,-283.486,39.0,6041
0.0182982,-0.0202771,-0.0305229,742.163,-101.596,-290.755,40.0,6041
0.0185374,-0.0204593,-0.0308133,760.718,-104.136,-298.023,41.0,6041
0.0187766,-0.0206415,-0.0311037,779.272,-106.676,-305.292,42.0,6041
0.0190158,-0.0208236,-0.0313941,797.826,-109.216,-312.561,43.0,6041
0.019255,-0.0210058,-0.0316845,816.38,-111.756,-319.83,44.0,6041
0.0194942,-0.021188,-0.0319749,834.934,-114.296,-327.099,45.0,6041
0.0197334,-0.0213701,-0.0322653,853.488,-116.836,-334.368,46.0,6041
0.0199726,-0.0215523,-0.0325557,872.042,-119.376,-341.637,47.0,6041
0.0202118,-0.0217344,-0.0328461,890.596,-121.916,-348.905,48.0,6041
0.020451,-0.0219166,-0.0331365,909.15,-124.455,-356.174,49.0,6041
0.0206902,-0.0220988,-0.0334269,927.704,-126.995,-363.443,50.0,6041
0.020451,-0.0219166,-0.0331365,909.15,-124.455,-356.174,51.0,6041
0.0202119,-0.0217345,-0.0328461,890.596,-121.916,-348.905,52.0,6041
0.0199727,-0.0215523,-0.0325557,872.042,-119.376,-341.637,53.0,6041
0.0197335,-0.0213702,-0.0322654,853.488,-116.836,-334.368,54.0,6041
0.0194943,-0.021188,-0.031975,834.934,-114.296,-327.099,55.0,6041
0.0192551,-0.0210059,-0.0316846,816.38,-111.756,-319.83,56.0,6041
0.0190159,-0.0208237,-0.0313942,797.826,-109.216,-312.561,57.0,6041
0.0187767,-0.0206416,-0.0311039,779.272,-106.676,-305.292,58.0,6041
0.0185376,-0.0204595,-0.0308135,760.718,-104.136,-298.023,59.0,6041
0.0182984,-0.0202773,-0.0305231,742.163,-101.596,-290.755,60.0,6041
0.0180592,-0.0200952,-0.0302327,723.609,-99.0564,-283.486,61.0,6041
0.01782,-0.019913,-0.0299424,705.055,-96.5165,-276.217,62.0,6041
0.0175808,-0.0197309,-0.029652,686.501,-93.9766,-268.948,63.0,6041
0.0173416,-0.0195487,-0.0293616,667.947,-91.4367,-261.679,64.0,6041
0.0171024,-0.0193666,-0.0290712,649.393,-88.8968,-254.41,65.0,6041
0.0168633,-0.0191844,-0.0287809,630.839,-86.3569,-247.141,66.0,6041
0.0166241,-0.0190023,-0.0284905,612.285,-83.817,-239.873,67.0,6041
0.0163849,-0.0188202,-0.0282001,593.731,-81.2771,-232.604,68.0,6041
0.0161457,-0.018638,-0.0279097,575.177,-78.7371,-225.335,69.0,6041
0.0159065,-0.0184559,-0.0276194,556.623,-76.1972,-218.066,70.0,6041
0.0156673,-0.0182737,-0.027329,538.068,-73.6573,-210.797,71.0,6041
0.0154281,-0.0180916,-0.0270386,519.514,-71.1174,-203.528,72.0,6041
0.015189,-0.0179094,-0.0267482,500.96,-68.5775,-196.259,73.0,6041
0.0149498,-0.0177273,-0.0264579,482.406,-66.0376,-188.99,74.0,6041
0.0147106,-0.0175451,-0.0261675,463.852,-63.4977,-181.722,75.0,6041
0.0144714,-0.017363,-0.0258771,445.298,-60.9578,-174.453,76.0,6041
0.0142322,-0.0171809,-0.0255867,426.744,-58.4179,-167.184,77.0,6041
0.013993,-0.0169987,-0.0252964,408.19,-55.878,-159.915,78.0,6041
0.0137538,-0.0168166,-0.025006,389.636,-53.3381,-152.646,79.0,6041
0.0135147,-0.0166344,-0.0247156,371.082,-50.7982,-145.377,80.0,6041
0.0132755,-0.0164523,-0.0244252,352.528,-48.2583,-138.108,81.0,6041
0.0130363,-0.0162701,-0.0241349,333.974,-45.7183,-130.84,82.0,6041
0.0127971,-0.016088,-0.0238445,315.419,-43.1784,-123.571,83.0,6041
0.0125579,-0.0159058,-0.0235541,296.865,-40.6385,-116.302,84.0,6041
0.0123187,-0.0157237,-0.0232637,278.311,-38.0986,-109.033,85.0,6041
0.0120739,-0.0155331,-0.0229611,259.757,-35.5587,-101.764,86.0,6041
0.0117874,-0.0152807,-0.0225684,241.203,-33.0188,-94.4952,87.0,6041
0.0113655,-0.0148265,-0.0218821,222.649,-30.4789,-87.2264,88.0,6041
0.0106605,-0.0139513,-0.0205831,204.095,-27.939,-79.9575,89.0,6041
0.00953896,-0.0124562,-0.0183818,185.541,-25.3991,-72.6886,90.0,6041
0.00798681,-0.0103204,-0.015248,166.987,-22.8592,-65.4198,91.0,6041
0.00616767,-0.00778733,-0.011536,148.433,-20.3193,-58.1509,92.0,6041
0.00437034,-0.00528668,-0.00787127,129.879,-17.7794,-50.882,93.0,6041
0.00287317,-0.00323267,-0.00485656,111.325,-15.2394,-43.6132,94.0,6041
0.0018155,-0.00183264,-0.00279365,92.7704,-12.6995,-36.3443,95.0,6041
0.00116114,-0.00103271,-0.00160414,74.2163,-10.1596,-29.0755,96.0,6041
0.000768095,-0.000621635,-0.000980576,55.6623,-7.61972,-21.8066,97.0,6041
0.000491119,-0.000383258,-0.000608359,37.1082,-5.07982,-14.5377,98.0,6041
0.00024433,-0.0001898,-0.000301518,18.5541,-2.53991,-7.26886,99.0,6041
2.94554e-06,-4.38292e-06,-6.37898e-06,-1.21469e-07,1.80749e-07,1.3153e-07,100.0,6041
0.0,0.0,0.0,0.0,0.0,0.0,0.0,0
0.000263706,-0.000298132,7.10344e-05,16.8759,-11.2527,1.77818,1.0,6845
0.000527412,-0.000596264,0.000142069,33.7517,-22.5054,3.55636,2.0,6845
0.000791117,-0.000894396,0.000213103,50.6276,-33.7581,5.33453,3.0,6845
0.00105482,-0.00119253,0.000284138,67.5034,-45.0108,7.11271,4.0,6845
0.00131853,-0.00149066,0.000355172,84.3793,-56.2634,8.89089,5.0,6845
0.00158223,-0.00178879,0.000426207,101.255,-67.5161,10.6691,6.0,6845
0.00184594,-0.00208692,0.000497241,118.131,-78.7688,12.4472,7.0,6845
0.00210965,-0.00238506,0.000568275,135.007,-90.0215,14.2254,8.0,6845
0.00237577,-0.00268606,0.000639651,151.883,-101.274,16.0036,9.0,6845
0.00268937,-0.00304354,0.000717685,168.759,-112.527,17.7818,10.0,6845
0.00323784,-0.00367958,0.000827712,185.634,-123.78,19.56,11.0,6845
0.00439983,-0.00503832,0.00101537,202.51,-135.032,21.3381,12.0,6845
0.00660662,-0.0076175,0.00132286,219.386,-146.285,23.1163,13.0,6845
0.0100128,-0.0115892,0.00175772,236.262,-157.538,24.8945,14.0,6845
0.0142402,-0.0165124,0.00227751,253.138,-168.79,26.6727,15.0,6845
0.0184791,-0.0214521,0.00280215,270.014,-180.043,28.4508,16.0,6845
0.0219131,-0.0254629,0.00324817,286.89,-191.296,30.229,17.0,6845
0.0241482,-0.0280809,0.00356587,303.765,-202.548,32.0072,18.0,6845
0.0253269,-0.0294616,0.00375828,320.641,-213.801,33.7854,19.0,6845
0.0258805,-0.030104,0.00386933,337.517,-225.054,35.5636,20.0,6845
0.0262018,-0.0304706,0.00394845,354.393,-236.306,37.3417,21.0,6845
0.0264768,-0.0307822,0.00402107,371.269,-247.559,39.1199,22.0,6845
0.0267442,-0.0310847,0.00409262,388.145,-258.812,40.8981,23.0,6845
0.0270095,-0.0313848,0.00416389,405.021,-270.065,42.6763,24.0,6845
0.0272742,-0.031684,0.00423506,421.896,-281.317,44.4544,25.0,6845
0.0275385,-0.0319829,0.00430617,438.772,-292.57,46.2326,26.0,6845
0.0278026,-0.0322815,0.00437726,455.648,-303.823,48.0108,27.0,6845
0.0280666,-0.03258,0.00444834,472.524,-315.075,49.789,28.0,6845
0.0283305,-0.0328784,0.00451941,489.4,-326.328,51.5672,29.0,6845
0.0285944,-0.0331767,0.00459046,506.276,-337.581,53.3453,30.0,6845
0.0288582,-0.033475,0.00466152,523.152,-348.833,55.1235,31.0,6845
0.0291221,-0.0337733,0.00473257,540.027,-360.086,56.9017,32.0,6845
0.0293859,-0.0340715,0.00480362,556.903,-371.339,58.6799,33.0,6845
0.0296497,-0.0343697,0.00487466,573.779,-382.591,60.458,34.0,6845
0.0299134,-0.034668,0.00494571,590.655,-393.844,62.2362,35.0,6845
0.0301772,-0.0349662,0.00501675,607.531,-405.097,64.0144,36.0,6845
0.030441,-0.0352644,0.00508779,624.407,-416.349,65.7926,37.0,6845
0.0307047,-0.0355625,0.00515883,641.283,-427.602,67.5708,38.0,6845
0.0309685,-0.0358607,0.00522987,658.158,-438.855,69.3489,39.0,6845
0.0312322,-0.0361589,0.00530091,675.034,-450.108,71.1271,40.0,6845
0.0314959,-0.0364571,0.00537195,691.91,-461.36,72.9053,41.0,6845
0.0317597,-0.0367552,0.00544299,708.786,-472.613,74.6835,42.0,6845
0.0320234,-0.0370534,0.00551403,725.662,-483.866,76.4616,43.0,6845
0.0322871,-0.0373516,0.00558507,742.538,-495.118,78.2398,44.0,6845
0.0325509,-0.0376497,0.00565611,759.414,-506.371,80.018,45.0,6845
0.0328146,-0.0379479,0.00572714,776.289,-517.624,81.7962,46.0,6845
0.0330783,-0.038246,0.00579818,793.165,-528.876,83.5743,47.0,6845
0.033342,-0.0385442,0.00586922,810.041,-540.129,85.3525,48.0,6845
0.0336058,-0.0388423,0.00594025,826.917,-551.382,87.1307,49.0,6845
0.0338695,-0.0391405,0.00601129,843.793,-562.634,88.9089,50.0,6845
0.0336058,-0.0388424,0.00594026,826.917,-551.382,87.1307,51.0,6845
0.0333421,-0.0385442,0.00586922,810.041,-540.129,85.3525,52.0,6845
0.0330784,-0.0382461,0.00579819,793.165,-528.876,83.5743,53.0,6845
0.0328147,-0.037948,0.00572715,776.289,-517.624,81.7962,54.0,6845
0.032551,-0.0376498,0.00565612,759.414,-506.371,80.018,55.0,6845
0.0322873,-0.0373517,0.00558508,742.538,-495.118,78.2398,56.0,6845
0.0320235,-0.0370536,0.00551405,725.662,-483.866,76.4616,57.0,6845
0.0317598,-0.0367554,0.00544302,708.786,-472.613,74.6835,58.0,6845
0.0314961,-0.0364573,0.00537198,691.91,-461.36,72.9053,59.0,6845
0.0312324,-0.0361592,0.00530095,675.034,-450.108,71.1271,60.0,6845
0.0309687,-0.035861,0.00522991,658.158,-438.855,69.3489,61.0,6845
0.030705,-0.0355629,0.00515888,641.283,-427.602,67.5708,62.0,6845
0.0304413,-0.0352648,0.00508784,624.407,-416.349,65.7926,63.0,6845
0.0301776,-0.0349666,0.00501681,607.531,-405.097,64.0144,64.0,6845
0.0299139,-0.0346685,0.00494577,590.655,-393.844,62.2362,65.0,6845
0.0296502,-0.0343704,0.00487474,573.779,-382.591,60.458,66.0,6845
0.0293865,-0.0340723,0.00480371,556.903,-371.339,58.6799,67.0,6845
0.0291228,-0.0337741,0.00473267,540.027,-360.086,56.9017,68.0,6845
0.0288591,-0.033476,0.00466164,523.152,-348.833,55.1235,69.0,6845
0.0285954,-0.0331779,0.0045906,506.276,-337.581,53.3453,70.0,6845
0.0283317,-0.0328797,0.00451957,489.4,-326.328,51.5672,71.0,6845
0.028068,-0.0325816,0.00444853,472.524,-315.075,49.789,72.0,6845
0.0278043,-0.0322835,0.0043775,455.648,-303.823,48.0108,73.0,6845
0.0275405,-0.0319853,0.00430646,438.772,-292.57,46.2326,74.0,6845
0.0272768,-0.0316872,0.00423543,421.896,-281.317,44.4544,75.0,6845
0.0270131,-0.0313891,0.0041644,405.021,-270.065,42.6763,76.0,6845
0.0267494,-0.0310909,0.00409336,388.145,-258.812,40.8981,77.0,6845
0.0264857,-0.0307928,0.00402233,371.269,-247.559,39.1199,78.0,6845
0.026222,-0.0304947,0.00395129,354.393,-236.306,37.3417,79.0,6845
0.0259583,-0.0301965,0.00388026,337.517,-225.054,35.5636,80.0,6845
0.0256946,-0.0298984,0.00380922,320.641,-213.801,33.7854,81.0,6845
0.0254309,-0.0296003,0.00373819,303.765,-202.548,32.0072,82.0,6845
0.0251672,-0.0293021,0.00366715,286.89,-191.296,30.229,83.0,6845
0.0249035,-0.029004,0.00359612,270.014,-180.043,28.4508,84.0,6845
0.0246398,-0.0287059,0.00352509,253.138,-168.79,26.6727,85.0,6845
0.0243761,-0.0284077,0.00345405,236.262,-157.538,24.8945,86.0,6845
0.0240975,-0.0280922,0.00338125,219.386,-146.285,23.1163,87.0,6845
0.0236972,-0.027634,0.00329397,202.51,-135.032,21.3381,88.0,6845
0.0228858,-0.0266942,0.00315781,185.634,-123.78,19.56,89.0,6845
0.0212238,-0.0247578,0.00292051,168.759,-112.527,17.7818,90.0,6845
0.0183764,-0.0214325,0.00254224,151.883,-101.274,16.0036,91.0,6845
0.0144531,-0.0168468,0.00203604,135.007,-90.0215,14.2254,92.0,6845
0.0101001,-0.0117576,0.00147875,118.131,-78.7688,12.4472,93.0,6845
0.00619802,-0.00719671,0.000975072,101.255,-67.5161,10.6691,94.0,6845
0.0033822,-0.00390849,0.000600565,84.3793,-56.2634,8.89089,95.0,6845
0.00174932,-0.00200621,0.000366721,67.5034,-45.0108,7.11271,96.0,6845
0.000957646,-0.0010895,0.000232905,50.6276,-33.7581,5.33453,97.0,6845
0.000563514,-0.000638562,0.000146362,33.7517,-22.5054,3.55636,98.0,6845
0.000276551,-0.000313181,7.25618e-05,16.8759,-11.2527,1.77818,99.0,6845
6.97818e-06,-8.17573e-06,8.29779e-07,4.75523e-07,-5.57123e-07,2.82725e-08,100.0,6845
0.0,0.0,0.0,0.0,0.0,0.0,0.0,0
6.15732e-05,8.62217e-05,-0.000547648,6.6878,7.92183,-13.7091,1.0,5287
0.000123146,0.000172443,-0.0010953,13.3756,15.8437,-27.4181,2.0,5287
0.00018472,0.000258665,-0.00164294,20.0634,23.7655,-41.1272,3.0,5287
0.000246293,0.000344887,-0.00219059,26.7512,31.6873,-54.8363,4.0,5287
0.000307866,0.000431108,-0.00273824,33.439,39.6092,-68.5453,5.0,5287
0.000369439,0.00051733,-0.00328589,40.1268,47.531,-82.2544,6.0,5287
0.000431012,0.000603552,-0.00383354,46.8146,55.4528,-95.9635,7.0,5287
0.000492586,0.000689774,-0.00438118,53.5024,63.3747,-109.673,8.0,5287
0.000554159,0.000775995,-0.00492883,60.1902,71.2965,-123.382,9.0,5287
0.000615787,0.000862359,-0.00547741,66.878,79.2183,-137.091,10.0,5287
0.000679491,0.000954094,-0.00606134,73.5658,87.1401,-150.8,11.0,5287
0.000756478,0.00108033,-0.00687189,80.2536,95.062,-164.509,12.0,5287
0.000874557,0.00131464,-0.00838833,86.9414,102.984,-178.218,13.0,5287
0.00107701,0.00177589,-0.0113727,93.6292,110.906,-191.927,14.0,5287
0.00140656,0.00258787,-0.0166009,100.317,118.827,-205.636,15.0,5287
0.00187899,0.00380194,-0.0243801,107.005,126.749,-219.345,16.0,5287
0.00246359,0.00533455,-0.0341725,113.693,134.671,-233.054,17.0,5287
0.00308672,0.00697478,-0.0446498,120.38,142.593,-246.763,18.0,5287
0.00365904,0.00846612,-0.0541983,127.068,150.515,-260.472,19.0,5287
0.00411149,0.00961511,-0.0615884,133.756,158.437,-274.181,20.0,5287
0.0044201,0.0103626,-0.0664221,140.444,166.358,-287.89,21.0,5287
0.0046062,0.0107769,-0.0691115,147.132,174.28,-301.599,22.0,5287
0.00471472,0.0109855,-0.0704616,153.819,182.202,-315.308,23.0,5287
0.00478855,0.0111035,-0.0712181,160.507,190.124,-329.018,24.0,5287
0.0048529,0.0111969,-0.071813,167.195,198.046,-342.727,25.0,5287
0.00491534,0.0112854,-0.0723754,173.883,205.968,-356.436,26.0,5287
0.00497729,0.0113726,-0.0729295,180.571,213.889,-370.145,27.0,5287
0.00503907,0.0114593,-0.0734807,187.258,221.811,-383.854,28.0,5287
0.00510077,0.0115459,-0.0740305,193.946,229.733,-397.563,29.0,5287
0.00516243,0.0116323,-0.0745796,200.634,237.655,-411.272,30.0,5287
0.00522406,0.0117187,-0.0751283,207.322,245.577,-424.981,31.0,5287
0.00528568,0.0118051,-0.0756767,214.01,253.499,-438.69,32.0,5287
0.00534729,0.0118914,-0.076225,220.697,261.42,-452.399,33.0,5287
0.00540889,0.0119777,-0.0767731,227.385,269.342,-466.108,34.0,5287
0.00547049,0.012064,-0.0773212,234.073,277.264,-479.817,35.0,5287
0.00553208,0.0121502,-0.0778691,240.761,285.186,-493.526,36.0,5287
0.00559367,0.0122365,-0.0784171,247.449,293.108,-507.235,37.0,5287
0.00565526,0.0123228,-0.078965,254.136,301.03,-520.944,38.0,5287
0.00571685,0.012409,-0.0795128,260.824,308.951,-534.654,39.0,5287
0.00577843,0.0124953,-0.0800606,267.512,316.873,-548.363,40.0,5287
0.00584001,0.0125815,-0.0806084,274.2,324.795,-562.072,41.0,5287
0.00590159,0.0126677,-0.0811562,280.888,332.717,-575.781,42.0,5287
0.00596317,0.012754,-0.081704,287.575,340.639,-589.49,43.0,5287
0.00602475,0.0128402,-0.0822518,294.263,348.561,-603.199,44.0,5287
0.00608633,0.0129265,-0.0827995,300.951,356.482,-616.908,45.0,5287
0.00614791,0.0130127,-0.0833473,307.639,364.404,-630.617,46.0,5287
0.00620949,0.0130989,-0.083895,314.327,372.326,-644.326,47.0,5287
0.00627107,0.0131852,-0.0844427,321.014,380.248,-658.035,48.0,5287
0.00633264,0.0132714,-0.0849904,327.702,388.17,-671.744,49.0,5287
0.00639422,0.0133576,-0.0855381,334.39,396.092,-685.453,50.0,5287
0.00633265,0.0132714,-0.0849905,327.702,388.17,-671.744,51.0,5287
0.00627108,0.0131852,-0.0844428,321.014,380.248,-658.035,52.0,5287
0.0062095,0.013099,-0.0838952,314.327,372.326,-644.326,53.0,5287
0.00614793,0.0130127,-0.0833476,307.639,364.404,-630.617,54.0,5287
0.00608636,0.0129265,-0.0827999,300.951,356.482,-616.908,55.0,5287
0.00602478,0.0128403,-0.0822523,294.263,348.561,-603.199,56.0,5287
0.00596321,0.0127541,-0.0817046,287.575,340.639,-589.49,57.0,5287
0.00590164,0.0126679,-0.081157,280.888,332.717,-575.781,58.0,5287
0.00584006,0.0125816,-0.0806093,274.2,324.795,-562.072,59.0,5287
0.00577849,0.0124954,-0.0800617,267.512,316.873,-548.363,60.0,5287
0.00571692,0.0124092,-0.079514,260.824,308.951,-534.654,61.0,5287
0.00565534,0.012323,-0.0789664,254.136,301.03,-520.944,62.0,5287
0.00559377,0.0122367,-0.0784187,247.449,293.108,-507.235,63.0,5287
0.0055322,0.0121505,-0.0778711,240.761,285.186,-493.526,64.0,5287
0.00547062,0.0120643,-0.0773234,234.073,277.264,-479.817,65.0,5287
0.00540905,0.0119781,-0.0767758,227.385,269.342,-466.108,66.0,5287
0.00534748,0.0118919,-0.0762281,220.697,261.42,-452.399,67.0,5287
0.0052859,0.0118056,-0.0756805,214.01,253.499,-438.69,68.0,5287
0.00522433,0.0117194,-0.0751328,207.322,245.577,-424.981,69.0,5287
0.00516276,0.0116332,-0.0745852,200.634,237.655,-411.272,70.0,5287
0.00510118,0.011547,-0.0740375,193.946,229.733,-397.563,71.0,5287
0.00503961,0.0114607,-0.0734899,187.258,221.811,-383.854,72.0,5287
0.00497804,0.0113745,-0.0729422,180.571,213.889,-370.145,73.0,5287
0.00491646,0.0112883,-0.0723946,173.883,205.968,-356.436,74.0,5287
0.00485489,0.0112021,-0.0718469,167.195,198.046,-342.727,75.0,5287
0.00479332,0.0111159,-0.0712993,160.507,190.124,-329.018,76.0,5287
0.00473175,0.0110296,-0.0707516,153.819,182.202,-315.308,77.0,5287
0.00467017,0.0109434,-0.070204,147.132,174.28,-301.599,78.0,5287
0.0046086,0.0108572,-0.0696564,140.444,166.358,-287.89,79.0,5287
0.00454703,0.010771,-0.0691087,133.756,158.437,-274.181,80.0,5287
0.00448545,0.0106848,-0.0685611,127.068,150.515,-260.472,81.0,5287
0.00442388,0.0105985,-0.0680134,120.38,142.593,-246.763,82.0,5287
0.00436231,0.0105123,-0.0674658,113.693,134.671,-233.054,83.0,5287
0.00430072,0.010426,-0.0669178,107.005,126.749,-219.345,84.0,5287
0.00423626,0.010332,-0.0663196,100.317,118.827,-205.636,85.0,5287
0.00415624,0.0101954,-0.0654484,93.6292,110.906,-191.927,86.0,5287
0.00403087,0.0099351,-0.0637817,86.9414,102.984,-178.218,87.0,5287
0.00381532,0.00942876,-0.0605333,80.2536,95.062,-164.509,88.0,5287
0.00346726,0.00856084,-0.0549605,73.5658,87.1401,-150.8,89.0,5287
0.0029748,0.00729896,-0.0468551,66.878,79.2183,-137.091,90.0,5287
0.00237558,0.00574577,-0.0368771,60.1902,71.2965,-123.382,91.0,5287
0.00174973,0.00411989,-0.0264317,53.5024,63.3747,-109.673,92.0,5287
0.00118849,0.00267035,-0.0171199,46.8146,55.4528,-95.9635,93.0,5287
0.000756536,0.00157353,-0.0100757,40.1268,47.531,-82.2544,94.0,5287
0.000469474,0.000872059,-0.00557289,33.439,39.6092,-68.5453,95.0,5287
0.00029905,0.000488836,-0.00311597,26.7512,31.6873,-54.8363,96.0,5287
0.000198524,0.00029633,-0.00188508,20.0634,23.7655,-41.1272,97.0,5287
0.000127249,0.000183638,-0.00116726,13.3756,15.8437,-27.4181,98.0,5287
6.3431e-05,9.12908e-05,-0.000580235,6.6878,7.92183,-13.7091,99.0,5287
1.11857e-06,3.05203e-06,-1.962e-05,2.1004e-08,5.73109e-08,-1.84223e-07,100.0,5287
0.0,0.0,0.0,0.0,0.0,0.0,0.0,0
4.13424e-05,-2.39546e-05,0.000769789,-0.0314637,-3.30058,19.2698,1.0,8871
8.26849e-05,-4.79092e-05,0.00153958,-0.0629275,-6.60115,38.5397,2.0,8871
0.000124027,-7.18639e-05,0.00230937,-0.0943912,-9.90173,57.8095,3.0,8871
0.00016537,-9.58185e-05,0.00307916,-0.125855,-13.2023,77.0793,4.0,8871
0.000206712,-0.000119773,0.00384894,-0.157319,-16.5029,96.3491,5.0,8871
0.000248055,-0.000143728,0.00461873,-0.188782,-19.8035,115.619,6.0,8871
0.000289397,-0.000167682,0.00538852,-0.220246,-23.104,134.889,7.0,8871
0.00033074,-0.000191637,0.00615831,-0.25171,-26.4046,154.159,8.0,8871
0.00037331,-0.000215368,0.00693811,-0.283174,-29.7052,173.428,9.0,8871
0.000436451,-0.000235277,0.00788428,-0.314638,-33.0058,192.698,10.0,8871
0.000599605,-0.000234603,0.00960841,-0.346101,-36.3063,211.968,11.0,8871
0.00104855,-0.000161669,0.0133472,-0.377565,-39.6069,231.238,12.0,8871
0.00205496,8.32385e-05,0.0205353,-0.40903,-42.9075,250.508,13.0,8871
0.00374916,0.000565121,0.0315947,-0.440494,-46.2081,269.778,14.0,8871
0.00587569,0.00119967,0.0450301,-0.471958,-49.5087,289.047,15.0,8871
0.00789004,0.00178581,0.0579852,-0.503422,-52.8092,308.317,16.0,8871
0.00933032,0.00216241,0.067891,-0.534886,-56.1098,327.587,17.0,8871
0.010109,0.00232282,0.073891,-0.566349,-59.4104,346.857,18.0,8871
0.0104376,0.00236031,0.0768594,-0.597813,-62.711,366.127,19.0,8871
0.0105563,0.00235121,0.0782469,-0.629277,-66.0115,385.397,20.0,8871
0.0106115,0.0023298,0.079129,-0.66074,-69.3121,404.666,21.0,8871
0.0106557,0.00230638,0.0799226,-0.692204,-72.6127,423.936,22.0,8871
0.0106981,0.00228261,0.0807008,-0.723667,-75.9133,443.206,23.0,8871
0.0107399,0.00225875,0.0814746,-0.755131,-79.2138,462.476,24.0,8871
0.0107816,0.00223485,0.0822467,-0.786594,-82.5144,481.746,25.0,8871
0.0108231,0.00221092,0.083018,-0.818058,-85.815,501.016,26.0,8871
0.0108646,0.00218699,0.0837888,-0.849522,-89.1156,520.285,27.0,8871
0.010906,0.00216306,0.0845594,-0.880986,-92.4161,539.555,28.0,8871
0.0109474,0.00213911,0.0853298,-0.912449,-95.7167,558.825,29.0,8871
0.0109888,0.00211517,0.0861,-0.943913,-99.0173,578.095,30.0,8871
0.0110302,0.00209122,0.0868702,-0.975377,-102.318,597.365,31.0,8871
0.0110716,0.00206728,0.0876403,-1.00684,-105.618,616.635,32.0,8871
0.011113,0.00204333,0.0884103,-1.0383,-108.919,635.904,33.0,8871
0.0111543,0.00201938,0.0891803,-1.06977,-112.22,655.174,34.0,8871
0.0111957,0.00199543,0.0899503,-1.10123,-115.52,674.444,35.0,8871
0.0112371,0.00197148,0.0907203,-1.1327,-118.821,693.714,36.0,8871
0.0112784,0.00194752,0.0914902,-1.16416,-122.121,712.984,37.0,8871
0.0113198,0.00192357,0.0922601,-1.19562,-125.422,732.253,38.0,8871
0.0113611,0.00189962,0.09303,-1.22709,-128.722,751.523,39.0,8871
0.0114025,0.00187567,0.0937999,-1.25855,-132.023,770.793,40.0,8871
0.0114438,0.00185171,0.0945698,-1.29001,-135.324,790.063,41.0,8871
0.0114852,0.00182776,0.0953397,-1.32148,-138.624,809.333,42.0,8871
0.0115265,0.00180381,0.0961095,-1.35294,-141.925,828.603,43.0,8871
0.0115679,0.00177986,0.0968794,-1.38441,-145.225,847.872,44.0,8871
0.0116092,0.0017559,0.0976492,-1.41587,-148.526,867.142,45.0,8871
0.0116506,0.00173195,0.0984191,-1.44733,-151.827,886.412,46.0,8871
0.0116919,0.001708,0.0991889,-1.4788,-155.127,905.682,47.0,8871
0.0117333,0.00168404,0.0999588,-1.51026,-158.428,924.952,48.0,8871
0.0117746,0.00166009,0.100729,-1.54172,-161.728,944.222,49.0,8871
0.011816,0.00163614,0.101498,-1.57319,-165.029,963.491,50.0,8871
0.0117746,0.00166009,0.100729,-1.54172,-161.728,944.222,51.0,8871
0.0117333,0.00168404,0.0999588,-1.51026,-158.428,924.952,52.0,8871
0.011692,0.001708,0.0991891,-1.4788,-155.127,905.682,53.0,8871
0.0116506,0.00173195,0.0984193,-1.44733,-151.827,886.412,54.0,8871
0.0116093,0.00175591,0.0976495,-1.41587,-148.526,867.142,55.0,8871
0.0115679,0.00177986,0.0968797,-1.38441,-145.225,847.872,56.0,8871
0.0115266,0.00180382,0.0961099,-1.35294,-141.925,828.603,57.0,8871
0.0114852,0.00182777,0.0953401,-1.32148,-138.624,809.333,58.0,8871
0.0114439,0.00185173,0.0945703,-1.29001,-135.324,790.063,59.0,8871
0.0114026,0.00187568,0.0938005,-1.25855,-132.023,770.793,60.0,8871
0.0113612,0.00189964,0.0930307,-1.22709,-128.722,751.523,61.0,8871
0.0113199,0.00192359,0.092261,-1.19562,-125.422,732.253,62.0,8871
0.0112785,0.00194755,0.0914912,-1.16416,-122.121,712.984,63.0,8871
0.0112372,0.0019715,0.0907214,-1.1327,-118.821,693.714,64.0,8871
0.0111958,0.00199545,0.0899516,-1.10123,-115.52,674.444,65.0,8871
0.0111545,0.00201941,0.0891818,-1.06977,-112.22,655.174,66.0,8871
0.0111132,0.00204336,0.088412,-1.0383,-108.919,635.904,67.0,8871
0.0110718,0.00206732,0.0876422,-1.00684,-105.618,616.635,68.0,8871
0.0110305,0.00209127,0.0868724,-0.975376,-102.318,597.365,69.0,8871
0.0109891,0.00211523,0.0861026,-0.943913,-99.0173,578.095,70.0,8871
0.0109478,0.00213918,0.0853329,-0.912449,-95.7167,558.825,71.0,8871
0.0109065,0.00216314,0.0845631,-0.880985,-92.4161,539.555,72.0,8871
0.0108651,0.00218709,0.0837933,-0.849521,-89.1156,520.285,73.0,8871
0.0108238,0.00221105,0.0830235,-0.818058,-85.815,501.016,74.0,8871
0.0107824,0.002235,0.0822537,-0.786594,-82.5144,481.746,75.0,8871
0.0107411,0.00225896,0.0814839,-0.75513,-79.2138,462.476,76.0,8871
0.0106997,0.00228291,0.0807141,-0.723666,-75.9133,443.206,77.0,8871
0.0106584,0.00230686,0.0799443,-0.692203,-72.6127,423.936,78.0,8871
0.0106171,0.00233082,0.0791745,-0.660739,-69.3121,404.666,79.0,8871
0.0105757,0.00235477,0.0784048,-0.629275,-66.0115,385.397,80.0,8871
0.0105344,0.00237873,0.077635,-0.597811,-62.711,366.127,81.0,8871
0.010493,0.00240268,0.0768652,-0.566348,-59.4104,346.857,82.0,8871
0.0104517,0.00242664,0.0760954,-0.534884,-56.1098,327.587,83.0,8871
0.0104103,0.00245059,0.0753256,-0.50342,-52.8092,308.317,84.0,8871
0.010369,0.00247455,0.0745558,-0.471956,-49.5087,289.047,85.0,8871
0.0103277,0.0024985,0.073786,-0.440493,-46.2081,269.778,86.0,8871
0.0102788,0.00252029,0.072968,-0.409029,-42.9075,250.508,87.0,8871
0.010171,0.00252492,0.0717686,-0.377565,-39.6069,231.238,88.0,8871
0.00986666,0.00247241,0.0692988,-0.346101,-36.3063,211.968,89.0,8871
0.00915899,0.00230268,0.0642224,-0.314637,-33.0058,192.698,90.0,8871
0.00789311,0.00197067,0.0555381,-0.283174,-29.7052,173.428,91.0,8871
0.00612443,0.00149251,0.0436042,-0.25171,-26.4046,154.159,92.0,8871
0.00415881,0.000957105,0.0303974,-0.220246,-23.104,134.889,93.0,8871
0.00240942,0.000484554,0.0185881,-0.188782,-19.8035,115.619,94.0,8871
0.00117217,0.000160872,0.0100889,-0.157318,-16.5029,96.3491,95.0,8871
0.000490105,-1.42227e-06,0.00517799,-0.125855,-13.2023,77.0793,96.0,8871
0.000201929,-4.92189e-05,0.00281286,-0.0943909,-9.90173,57.8095,97.0,8871
9.96287e-05,-4.29839e-05,0.00164909,-0.0629271,-6.60115,38.5397,98.0,8871
4.73891e-05,-2.21969e-05,0.00080887,-0.0314634,-3.30058,19.2698,99.0,8871
3.28895e-06,9.56055e-07,2.12572e-05,3.75881e-07,1.09263e-07,1.21471e-06,100.0,8871
